bowler,runs_conceded,legal_balls,overs,wickets,economy,bowling_avg,bowling_sr,dob,batting_hand,bowling_skill,country
A Ashish Reddy,396,262,43.666666666666664,18.0,9.068702290076336,22.0,14.555555555555555,1991-02-24,Right_Hand,Right-arm medium,India
A Chandila,242,234,39.0,11.0,6.205128205128205,22.0,21.272727272727273,1983-12-05,Right_Hand,Right-arm offbreak,India
A Choudhary,144,101,16.833333333333332,5.0,8.554455445544555,28.8,20.2,,Right_hand,Left-arm fast-medium,
A Dananjaya,48,24,4.0,0.0,12.0,,,,Right_Hand,Right-arm offbreak,
A Flintoff,105,66,11.0,2.0,9.545454545454545,52.5,33.0,1977-12-06,Right_Hand,Right-arm fast-medium,England
A Joseph,92,52,8.666666666666666,6.0,10.615384615384617,15.333333333333334,8.666666666666666,,Right_Hand,Right-arm fast,
A Kumble,1058,965,160.83333333333334,45.0,6.578238341968912,23.511111111111113,21.444444444444443,1970-10-17,Right_Hand,Legbreak googly,India
A Mishra,3804,3102,517.0,156.0,7.3578336557059965,24.384615384615383,19.884615384615383,1982-11-24,Right_Hand,Legbreak,India
A Mithun,472,288,48.0,7.0,9.833333333333334,67.42857142857143,41.142857142857146,1989-10-25,Right_Hand,Right-arm medium,India
A Nehra,2495,1908,318.0,106.0,7.845911949685535,23.537735849056602,18.0,1979-04-29,Right_Hand,Left-arm medium-fast,India
A Nel,31,18,3.0,1.0,10.333333333333334,31.0,18.0,1977-07-15,Right_Hand,Right-arm fast-medium,South Africa
A Roy,14,12,2.0,1.0,7.0,14.0,12.0,,Left_Hand,Slow left-arm orthodox,
A Singh,742,533,88.83333333333333,31.0,8.352720450281426,23.93548387096774,17.193548387096776,1981-06-21,Right_Hand,Right-arm medium-fast,India
A Symonds,674,527,87.83333333333333,20.0,7.673624288425048,33.7,26.35,1975-06-09,Right_Hand,Right-arm offbreak,Australia
A Uniyal,66,36,6.0,2.0,11.0,33.0,18.0,1981-11-21,Right_Hand,Left-arm medium,India
A Zampa,278,221,36.833333333333336,19.0,7.547511312217194,14.631578947368421,11.631578947368421,1992-03-31,Right_Hand,Legbreak googly,Australia
AA Chavan,326,248,41.333333333333336,8.0,7.887096774193548,40.75,31.0,1985-10-28,Right_Hand,Slow left-arm orthodox,India
AA Jhunjhunwala,129,85,14.166666666666666,1.0,9.105882352941176,129.0,85.0,1982-12-01,Right_Hand,Right-arm offbreak,India
AA Kazi,21,12,2.0,0.0,10.5,,,1989-09-29,Right_Hand,Slow left-arm orthodox,India
AA Noffke,40,24,4.0,1.0,10.0,40.0,24.0,1977-04-30,Right_Hand,Right-arm fast-medium,Australia
AB Agarkar,1151,782,130.33333333333334,29.0,8.831202046035806,39.689655172413794,26.96551724137931,1977-12-04,Right_Hand,Right-arm fast,India
AB Dinda,2073,1516,252.66666666666666,69.0,8.20448548812665,30.043478260869566,21.971014492753625,1984-03-25,Right_Hand,Right-arm medium-fast,India
AB McDonald,261,186,31.0,11.0,8.419354838709678,23.727272727272727,16.90909090909091,1981-06-05,Right_Hand,Right-arm fast-medium,Australia
AC Gilchrist,0,1,0.16666666666666666,1.0,0.0,0.0,1.0,1971-11-14,Left_Hand,Right-arm offbreak,Australia
AC Thomas,406,315,52.5,14.0,7.733333333333333,29.0,22.5,1977-02-09,Right_Hand,Right-arm fast-medium,England
AC Voges,76,54,9.0,0.0,8.444444444444445,,,1979-10-04,Right_Hand,Slow left-arm orthodox,Australia
AD Mascarenhas,356,308,51.333333333333336,19.0,6.9350649350649345,18.736842105263158,16.210526315789473,1977-10-30,Right_Hand,Right-arm fast-medium,England
AD Mathews,1079,791,131.83333333333334,27.0,8.18457648546144,39.96296296296296,29.296296296296298,1987-06-02,Right_Hand,Right-arm fast-medium,Sri Lanka
AD Russell,1557,1039,173.16666666666666,55.0,8.99133782483157,28.30909090909091,18.89090909090909,1988-04-29,Right_Hand,Right-arm fast,West Indies
AF Milne,177,108,18.0,4.0,9.833333333333334,44.25,27.0,1992-04-13,Right_Hand,Right-arm fast,New Zealand
AG Murtaza,313,264,44.0,9.0,7.113636363636363,34.77777777777778,29.333333333333332,1990-01-01,Left_Hand,Slow left-arm orthodox,India
AJ Finch,67,43,7.166666666666667,1.0,9.348837209302324,67.0,43.0,1986-11-17,Right_Hand,Slow left-arm orthodox,Australia
AJ Tye,855,594,99.0,39.0,8.636363636363637,21.923076923076923,15.23076923076923,,Right_hand,Right-arm fast-medium,
AL Menaria,144,110,18.333333333333332,3.0,7.854545454545455,48.0,36.666666666666664,1990-10-29,Left_Hand,Slow left-arm orthodox,India
AM Nayar,322,229,38.166666666666664,9.0,8.436681222707424,35.77777777777778,25.444444444444443,1983-10-08,Left_Hand,Right-arm medium,India
AM Rahane,5,6,1.0,1.0,5.0,5.0,6.0,1988-06-06,Right_Hand,Right-arm medium,India
AM Salvi,200,150,25.0,7.0,8.0,28.571428571428573,21.428571428571427,1981-10-20,Right_Hand,Right-arm medium,India
AN Ahmed,498,344,57.333333333333336,12.0,8.686046511627907,41.5,28.666666666666668,1988-11-05,Right_Hand,Right-arm medium-fast,India
AP Dole,112,66,11.0,5.0,10.181818181818182,22.4,13.2,1987-10-09,Right_Hand,Right-arm medium-fast,India
AR Patel,2139,1713,285.5,71.0,7.492119089316987,30.12676056338028,24.12676056338028,1994-01-20,Left_Hand,Slow left-arm orthodox,India
AS Rajpoot,642,427,71.16666666666667,22.0,9.021077283372366,29.181818181818183,19.40909090909091,1993-12-04,Right_Hand,Right-arm medium,India
AS Raut,44,30,5.0,0.0,8.8,,,1987-03-03,Right_Hand,Legbreak googly,India
AUK Pathan,63,39,6.5,0.0,9.692307692307692,,,1984-06-17,Right_Hand,Right-arm medium,India
Abdur Razzak,29,12,2.0,0.0,14.5,,,1982-06-15,Left_Hand,Slow left-arm orthodox,Bangladesh
Anand Rajan,201,149,24.833333333333332,8.0,8.093959731543624,25.125,18.625,1987-04-17,Right_Hand,Right-arm medium,India
Ankit Sharma,472,379,63.166666666666664,13.0,7.472295514511874,36.30769230769231,29.153846153846153,1991-04-20,Left_Hand,Slow left-arm orthodox,India
Ankit Soni,144,109,18.166666666666668,2.0,7.9266055045871555,72.0,54.5,,Right_hand,Legbreak,
Anureet Singh,623,412,68.66666666666667,18.0,9.072815533980583,34.611111111111114,22.88888888888889,1988-03-02,Right_Hand,Right-arm medium,India
Avesh Khan,262,156,26.0,5.0,10.076923076923077,52.4,31.2,,Right_Hand,Right-arm fast-medium,
Azhar Mahmood,700,537,89.5,29.0,7.82122905027933,24.137931034482758,18.517241379310345,1975-02-28,Right_Hand,Right-arm fast-medium,Pakistan
B Akhil,242,188,31.333333333333332,6.0,7.723404255319149,40.333333333333336,31.333333333333332,1977-10-07,Right_Hand,Right-arm medium-fast,India
B Chipli,20,6,1.0,0.0,20.0,,,1983-01-27,Right_Hand,Right-arm medium,India
B Geeves,91,48,8.0,1.0,11.375,91.0,48.0,1982-06-13,Right_Hand,Right-arm fast-medium,Australia
B Kumar,3185,2612,435.3333333333333,133.0,7.316232771822358,23.94736842105263,19.639097744360903,1990-02-05,Right_Hand,Right-arm medium,India
B Laughlin,291,168,28.0,10.0,10.392857142857142,29.1,16.8,1982-10-03,Right_Hand,Right-arm fast-medium,Australia
B Lee,1095,875,145.83333333333334,25.0,7.508571428571428,43.8,35.0,1976-11-08,Right_Hand,Right-arm fast,Australia
B Stanlake,204,144,24.0,7.0,8.5,29.142857142857142,20.571428571428573,,Right_Hand,Right-arm fast,
BA Bhatt,397,296,49.333333333333336,12.0,8.047297297297296,33.083333333333336,24.666666666666668,1990-05-13,Left_Hand,Slow left-arm orthodox,India
BA Stokes,841,587,97.83333333333333,26.0,8.59625212947189,32.34615384615385,22.576923076923077,,Left_Hand,Right-arm fast-medium,
BAW Mendis,303,244,40.666666666666664,8.0,7.450819672131148,37.875,30.5,1985-03-11,Right_Hand,Right-arm offbreak,Sri Lanka
BB Sran,776,483,80.5,18.0,9.639751552795031,43.111111111111114,26.833333333333332,1992-12-10,Left_Hand,Left-arm medium,India
BCJ Cutting,433,281,46.833333333333336,10.0,9.245551601423488,43.3,28.1,1987-01-30,Right_Hand,Right-arm fast-medium,Australia
BE Hendricks,235,150,25.0,9.0,9.4,26.11111111111111,16.666666666666668,1990-06-08,Left_Hand,Left-arm fast-medium,South Africa
BJ Hodge,303,234,39.0,17.0,7.769230769230769,17.823529411764707,13.764705882352942,1974-12-29,Right_Hand,Right-arm offbreak,Australia
BJ Rohrer,12,6,1.0,0.0,12.0,,,1981-03-26,Left_Hand,Right-arm offbreak,Australia
BMAJ Mendis,36,30,5.0,1.0,7.2,36.0,30.0,1983-01-15,Left_Hand,Right-arm offbreak,Sri Lanka
BW Hilfenhaus,479,372,62.0,22.0,7.725806451612903,21.772727272727273,16.90909090909091,1983-03-15,Right_Hand,Right-arm fast,Australia
Basil Thampi,656,401,66.83333333333333,16.0,9.815461346633418,41.0,25.0625,,Right_hand,Right-arm fast,
Bipul Sharma,572,426,71.0,17.0,8.056338028169014,33.64705882352941,25.058823529411764,1983-09-28,Left_Hand,Slow left-arm orthodox,India
C Ganapathy,13,6,1.0,0.0,13.0,,,1981-06-10,Right_Hand,Right-arm medium,India
C Munro,15,12,2.0,0.0,7.5,,,1987-03-11,Left_Hand,Right-arm medium-fast,New Zealand
C Nanda,57,48,8.0,2.0,7.125,28.5,24.0,1979-03-29,Right_Hand,Legbreak,India
C de Grandhomme,334,216,36.0,6.0,9.277777777777779,55.666666666666664,36.0,,Right_hand,Legbreak,
CH Gayle,724,549,91.5,18.0,7.912568306010929,40.22222222222222,30.5,1979-09-21,Left_Hand,Right-arm offbreak,West Indies
CH Morris,1747,1290,215.0,70.0,8.125581395348837,24.957142857142856,18.428571428571427,1987-04-30,Right_Hand,Right-arm fast-medium,South Africa
CJ Anderson,525,297,49.5,11.0,10.606060606060606,47.72727272727273,27.0,1990-12-13,Left_Hand,Left-arm medium-fast,New Zealand
CJ Jordan,303,198,33.0,12.0,9.181818181818182,25.25,16.5,1988-10-04,Right_Hand,Right-arm fast-medium,England
CJ McKay,60,42,7.0,1.0,8.571428571428571,60.0,42.0,1983-02-20,Right_Hand,Right-arm fast-medium,Australia
CK Kapugedera,49,17,2.8333333333333335,0.0,17.294117647058822,,,1987-02-24,Right_Hand,Right-arm medium,Sri Lanka
CK Langeveldt,187,156,26.0,13.0,7.1923076923076925,14.384615384615385,12.0,1974-12-17,Right_Hand,Right-arm fast-medium,England
CL White,86,42,7.0,1.0,12.285714285714286,86.0,42.0,1983-08-18,Right_Hand,Legbreak googly,Australia
CR Brathwaite,387,254,42.333333333333336,13.0,9.141732283464567,29.76923076923077,19.53846153846154,1988-07-18,Right_Hand,Right-arm fast-medium,West Indies
CR Woakes,590,374,62.333333333333336,25.0,9.46524064171123,23.6,14.96,,Right_hand,Right-arm fast-medium,
CRD Fernando,298,234,39.0,17.0,7.641025641025641,17.529411764705884,13.764705882352942,1979-07-19,Right_Hand,Right-arm fast-medium,Sri Lanka
D Kalyankrishna,87,48,8.0,2.0,10.875,43.5,24.0,1983-12-16,Right_Hand,Right-arm medium-fast,India
D Salunkhe,78,47,7.833333333333333,1.0,9.957446808510639,78.0,47.0,1982-11-12,Right_Hand,Legbreak,India
D Short,23,18,3.0,1.0,7.666666666666667,23.0,18.0,,Left_Hand,Slow left-arm orthodox,
D Wiese,402,278,46.333333333333336,16.0,8.676258992805755,25.125,17.375,1985-05-18,Right_Hand,Right-arm medium-fast,South Africa
D Willey,97,60,10.0,2.0,9.7,48.5,30.0,,Right_Hand,Left-arm fast-medium,
D du Preez,56,42,7.0,4.0,8.0,14.0,10.5,1981-11-08,Right_Hand,Right-arm fast-medium,South Africa
DAJ Bracewell,32,24,4.0,3.0,8.0,10.666666666666666,8.0,1990-09-28,Right_Hand,Right-arm fast-medium,New Zealand
DB Ravi Teja,28,18,3.0,1.0,9.333333333333334,28.0,18.0,1987-09-05,Right_Hand,Legbreak googly,India
DE Bollinger,693,576,96.0,37.0,7.21875,18.72972972972973,15.567567567567568,1981-07-24,Left_Hand,Left-arm fast-medium,Australia
DJ Bravo,3662,2586,431.0,147.0,8.496519721577727,24.91156462585034,17.591836734693878,1983-10-07,Right_Hand,Right-arm medium-fast,West Indies
DJ Harris,26,18,3.0,0.0,8.666666666666666,,,1979-12-31,Right_Hand,Right-arm medium,Australia
DJ Hooda,315,224,37.333333333333336,6.0,8.4375,52.5,37.333333333333336,1995-04-19,Right_Hand,Right-arm offbreak,India
DJ Hussey,474,317,52.833333333333336,8.0,8.97160883280757,59.25,39.625,1977-07-15,Right_Hand,Right-arm offbreak,Australia
DJ Muthuswami,101,84,14.0,4.0,7.214285714285714,25.25,21.0,1981-03-09,Right_Hand,Right-arm medium,India
DJ Thornely,40,42,7.0,3.0,5.714285714285714,13.333333333333334,14.0,1978-10-01,Right_Hand,Right-arm medium,Australia
DJG Sammy,350,236,39.333333333333336,11.0,8.898305084745763,31.818181818181817,21.454545454545453,1983-12-20,Right_Hand,Right-arm medium-fast,West Indies
DL Chahar,914,691,115.16666666666667,33.0,7.936324167872648,27.696969696969695,20.939393939393938,1992-08-07,Right_Hand,Right-arm medium,India
DL Vettori,878,777,129.5,28.0,6.77992277992278,31.357142857142858,27.75,1979-01-27,Left_Hand,Slow left-arm orthodox,New Zealand
DNT Zoysa,99,66,11.0,2.0,9.0,49.5,33.0,1978-05-13,Left_Hand,Left-arm fast-medium,Sri Lanka
DP Nannes,785,646,107.66666666666667,28.0,7.291021671826625,28.035714285714285,23.071428571428573,1976-05-16,Right_Hand,Left-arm fast,Australia
DP Vijaykumar,199,152,25.333333333333332,4.0,7.855263157894737,49.75,38.0,1986-10-20,Right_Hand,Right-arm medium,India
DR Smith,810,539,89.83333333333333,26.0,9.01669758812616,31.153846153846153,20.73076923076923,1983-04-12,Right_Hand,Right-arm medium,West Indies
DS Kulkarni,2422,1745,290.8333333333333,86.0,8.327793696275073,28.162790697674417,20.290697674418606,1988-12-10,Right_Hand,Right-arm medium,India
DT Christian,1042,783,130.5,34.0,7.984674329501916,30.647058823529413,23.029411764705884,1983-05-04,Right_Hand,Right-arm fast-medium,Australia
DW Steyn,2395,2112,352.0,96.0,6.8039772727272725,24.947916666666668,22.0,1983-06-27,Right_Hand,Right-arm fast,South Africa
F du Plessis,16,6,1.0,0.0,16.0,,,1984-07-13,Right_Hand,Legbreak,South Africa
FH Edwards,154,140,23.333333333333332,5.0,6.6000000000000005,30.8,28.0,1982-02-06,Right_Hand,Right-arm fast,West Indies
FY Fazal,20,12,2.0,0.0,10.0,,,1985-09-07,Left_Hand,Right-arm medium,India
GB Hogg,570,458,76.33333333333333,23.0,7.467248908296944,24.782608695652176,19.91304347826087,1971-02-06,Left_Hand,Slow left-arm chinaman,Australia
GD McGrath,357,324,54.0,12.0,6.611111111111111,29.75,27.0,1970-02-09,Right_Hand,Right-arm fast-medium,Australia
GH Vihari,38,36,6.0,1.0,6.333333333333333,38.0,36.0,1993-10-13,Right_Hand,Right-arm offbreak,India
GJ Maxwell,613,420,70.0,16.0,8.757142857142858,38.3125,26.25,1988-10-14,Right_Hand,Right-arm offbreak,Australia
GR Napier,27,24,4.0,1.0,6.75,27.0,24.0,1980-01-06,Right_Hand,Right-arm medium,England
GS Sandhu,82,48,8.0,1.0,10.25,82.0,48.0,1993-06-14,Left_Hand,Right-arm fast-medium,Australia
Gagandeep Singh,141,84,14.0,3.0,10.071428571428571,47.0,28.0,1981-10-03,Right_Hand,Right-arm medium-fast,India
Gurkeerat Singh,97,78,13.0,5.0,7.461538461538462,19.4,15.6,1990-06-29,Right_Hand,Right-arm offbreak,India
H Brar,48,30,5.0,0.0,9.6,,,,Left_Hand,Slow left-arm orthodox,
H Gurney,246,162,27.0,7.0,9.11111111111111,35.142857142857146,23.142857142857142,,Right_Hand,Right-arm fast-medium,
H Vihari,9,6,1.0,0.0,9.0,,,,Right_hand,Right-arm offbreak,
H Viljoen,241,138,23.0,7.0,10.478260869565217,34.42857142857143,19.714285714285715,,Right_hand,Right-arm fast,
HH Pandya,1358,869,144.83333333333334,42.0,9.376294591484465,32.333333333333336,20.69047619047619,1993-10-11,Right_Hand,Right-arm medium-fast,India
HV Patel,1232,836,139.33333333333334,43.0,8.842105263157894,28.651162790697676,19.441860465116278,1990-11-23,Right_Hand,Right-arm medium,India
Harbhajan Singh,3979,3374,562.3333333333334,150.0,7.075874333135744,26.526666666666667,22.493333333333332,1980-07-03,Right_Hand,Right-arm offbreak,India
Harmeet Singh,697,525,87.5,26.0,7.965714285714285,26.807692307692307,20.192307692307693,1992-09-07,Left_Hand,Slow left-arm orthodox,India
Harmeet Singh (2),34,24,4.0,1.0,8.5,34.0,24.0,,Right_Hand,Right-arm fast-medium,
I Malhotra,23,6,1.0,0.0,23.0,,,1984-05-23,Right_Hand,Right-arm medium-fast,India
I Sharma,2605,1908,318.0,71.0,8.19182389937107,36.690140845070424,26.87323943661972,1988-09-02,Right_Hand,Right-arm fast-medium,India
I Sodhi,205,182,30.333333333333332,9.0,6.758241758241758,22.77777777777778,20.22222222222222,,Right_hand,Legbreak googly,
IC Pandey,591,462,77.0,18.0,7.675324675324675,32.833333333333336,25.666666666666668,1989-08-15,Right_Hand,Right-arm medium,India
IK Pathan,2649,2043,340.5,80.0,7.779735682819383,33.1125,25.5375,1984-10-27,Left_Hand,Left-arm medium-fast,India
Imran Tahir,1632,1227,204.5,79.0,7.980440097799511,20.658227848101266,15.531645569620252,1979-03-27,Right_Hand,Legbreak googly,India
Iqbal Abdulla,1109,920,153.33333333333334,40.0,7.232608695652173,27.725,23.0,1989-12-02,Left_Hand,Slow left-arm orthodox,India
J Archer,660,493,82.16666666666667,26.0,8.032454361054766,25.384615384615383,18.96153846153846,,Right_hand,Right-arm fast,
J Behrendorff,171,114,19.0,5.0,9.0,34.2,22.8,,Right_Hand,Left-arm fast-medium,
J Botha,800,694,115.66666666666667,25.0,6.916426512968299,32.0,27.76,1982-05-02,Right_Hand,Right-arm offbreak,South Africa
J Dala,35,18,3.0,0.0,11.666666666666666,,,,,Right-arm Medium,
J Searles,92,42,7.0,2.0,13.142857142857142,46.0,21.0,,Right_hand,Right-arm fast-medium,
J Suchith,396,270,45.0,12.0,8.8,33.0,22.5,1994-01-16,Left_Hand,Slow left-arm orthodox,India
J Syed Mohammad,283,192,32.0,8.0,8.84375,35.375,24.0,1983-06-03,Left_Hand,Slow left-arm orthodox,India
J Theron,302,221,36.833333333333336,11.0,8.199095022624434,27.454545454545453,20.09090909090909,1985-07-24,Right_Hand,Right-arm medium-fast,South Africa
J Yadav,247,222,37.0,5.0,6.675675675675675,49.4,44.4,1990-01-22,Right_Hand,Right-arm offbreak,India
JA Morkel,2359,1723,287.1666666666667,85.0,8.214741729541498,27.75294117647059,20.270588235294117,1981-06-10,Left_Hand,Right-arm medium-fast,South Africa
JD Ryder,303,236,39.333333333333336,8.0,7.703389830508474,37.875,29.5,1984-08-06,Left_Hand,Right-arm medium,New Zealand
JD Unadkat,2218,1506,251.0,77.0,8.836653386454183,28.805194805194805,19.558441558441558,1991-10-18,Right_Hand,Left-arm medium,India
JDP Oram,349,237,39.5,9.0,8.835443037974683,38.77777777777778,26.333333333333332,1978-07-28,Left_Hand,Right-arm fast-medium,New Zealand
JDS Neesham,91,54,9.0,1.0,10.11111111111111,91.0,54.0,1990-09-17,Left_Hand,Right-arm medium,New Zealand
JE Taylor,157,117,19.5,6.0,8.051282051282051,26.166666666666668,19.5,1984-06-22,Right_Hand,Right-arm fast,New Zealand
JEC Franklin,220,151,25.166666666666668,9.0,8.741721854304636,24.444444444444443,16.77777777777778,1980-11-07,Left_Hand,Left-arm medium,New Zealand
JH Kallis,2293,1742,290.3333333333333,65.0,7.897818599311137,35.276923076923076,26.8,1975-10-16,Right_Hand,Right-arm fast-medium,South Africa
JJ Bumrah,2244,1741,290.1666666666667,82.0,7.733486502010338,27.365853658536587,21.23170731707317,1993-12-06,Right_Hand,Right-arm medium,India
JJ van der Wath,129,72,12.0,3.0,10.75,43.0,24.0,1978-01-10,Right_Hand,Right-arm medium-fast,South Africa
JM Kemp,54,44,7.333333333333333,3.0,7.363636363636364,18.0,14.666666666666666,1977-10-02,Right_Hand,Right-arm fast-medium,South Africa
JO Holder,306,216,36.0,5.0,8.5,61.2,43.2,1991-11-05,Right_Hand,Right-arm medium-fast,West Indies
JP Duminy,834,678,113.0,23.0,7.380530973451328,36.26086956521739,29.47826086956522,1984-04-14,Left_Hand,Right-arm offbreak,South Africa
JP Faulkner,1799,1238,206.33333333333334,61.0,8.718901453957997,29.491803278688526,20.295081967213115,1990-04-29,Right_Hand,Left-arm fast-medium,Australia
JR Hopes,548,360,60.0,14.0,9.133333333333333,39.142857142857146,25.714285714285715,1978-10-24,Right_Hand,Right-arm medium,Australia
JW Hastings,66,58,9.666666666666666,3.0,6.8275862068965525,22.0,19.333333333333332,1985-11-04,Right_Hand,Right-arm fast-medium,Australia
Jaskaran Singh,171,102,17.0,6.0,10.058823529411764,28.5,17.0,1989-09-04,Right_Hand,Right-arm medium,India
Joginder Sharma,419,256,42.666666666666664,12.0,9.8203125,34.916666666666664,21.333333333333332,1983-10-23,Right_Hand,Right-arm fast-medium,India
K Ahmed,345,227,37.833333333333336,19.0,9.118942731277533,18.157894736842106,11.947368421052632,,Right_hand,Left-arm fast-medium,
K Goel,93,66,11.0,0.0,8.454545454545455,,,1986-12-24,Left_Hand,Right-arm offbreak,India
K Gowtham,498,362,60.333333333333336,11.0,8.25414364640884,45.27272727272727,32.90909090909091,,Right_hand,Right-arm offbreak,
K Khejroliya,163,95,15.833333333333334,3.0,10.294736842105262,54.333333333333336,31.666666666666668,,Right_Hand,Left-arm fast-medium,
K Paul,259,164,27.333333333333332,9.0,9.475609756097562,28.77777777777778,18.22222222222222,,Right_hand,Right-arm fast-medium,
K Rabada,582,415,69.16666666666667,31.0,8.4144578313253,18.774193548387096,13.387096774193548,,Left_Hand,Right-arm fast,
K Santokie,90,48,8.0,3.0,11.25,30.0,16.0,1984-12-20,Left_Hand,Left-arm medium,West Indies
K Upadhyay,81,54,9.0,0.0,9.0,,,1986-06-18,Right_Hand,Right-arm medium,India
KA Pollard,1770,1199,199.83333333333334,56.0,8.857381150959132,31.607142857142858,21.410714285714285,1987-05-12,Right_Hand,Right-arm medium-fast,West Indies
KAJ Roach,80,48,8.0,0.0,10.0,,,1988-06-30,Right_Hand,Right-arm fast,West Indies
KC Cariappa,349,216,36.0,8.0,9.694444444444445,43.625,27.0,1994-04-13,Right_Hand,Legbreak,India
KH Pandya,1144,945,157.5,39.0,7.2634920634920634,29.333333333333332,24.23076923076923,1991-03-24,Left_Hand,Slow left-arm orthodox,India
KJ Abbott,177,96,16.0,2.0,11.0625,88.5,48.0,1987-06-18,Right_Hand,Right-arm fast-medium,South Africa
KK Cooper,757,576,96.0,33.0,7.885416666666667,22.939393939393938,17.454545454545453,1989-02-16,Right_Hand,Right-arm medium,West Indies
KM Asif,77,36,6.0,3.0,12.833333333333334,25.666666666666668,12.0,,Right_Hand,Right-arm medium,
KMDN Kulasekara,120,102,17.0,5.0,7.0588235294117645,24.0,20.4,1982-07-22,Right_Hand,Right-arm fast-medium,Sri Lanka
KP Appanna,286,216,36.0,9.0,7.944444444444445,31.77777777777778,24.0,1988-12-20,Right_Hand,Slow left-arm orthodox,India
KP Pietersen,215,174,29.0,7.0,7.413793103448276,30.714285714285715,24.857142857142858,1980-06-27,Right_Hand,Right-arm offbreak,South Africa
KS Williamson,7,6,1.0,0.0,7.0,,,1990-08-08,Right_Hand,Right-arm offbreak,New Zealand
KV Sharma,1447,1108,184.66666666666666,54.0,7.835740072202166,26.796296296296298,20.51851851851852,1987-10-23,Left_Hand,Legbreak googly,India
KW Richardson,444,317,52.833333333333336,18.0,8.40378548895899,24.666666666666668,17.61111111111111,1991-02-12,Right_Hand,Right-arm fast-medium,Australia
Kamran Khan,239,166,27.666666666666668,10.0,8.638554216867469,23.9,16.6,1991-03-10,Left_Hand,Left-arm medium-fast,India
Karanveer Singh,321,204,34.0,12.0,9.441176470588236,26.75,17.0,1987-11-08,Right_Hand,Legbreak googly,India
Kuldeep Yadav,1161,824,137.33333333333334,39.0,8.45388349514563,29.76923076923077,21.128205128205128,1994-12-14,Left_Hand,Slow left-arm chinaman,India
L Ablish,75,42,7.0,3.0,10.714285714285714,25.0,14.0,1982-12-03,Right_Hand,Right-arm medium-fast,India
L Balaji,2028,1512,252.0,76.0,8.047619047619047,26.68421052631579,19.894736842105264,1981-09-27,Right_Hand,Right-arm medium-fast,India
L Ferguson,190,102,17.0,2.0,11.176470588235293,95.0,51.0,,Right_Hand,Right-arm fast,
L Livingstone,13,6,1.0,0.0,13.0,,,,Right_hand,Right-arm offbreak,
L Ngidi,169,156,26.0,11.0,6.5,15.363636363636363,14.181818181818182,,Right_Hand,Slow left-arm orthodox,
L Plunkett,232,150,25.0,4.0,9.28,58.0,37.5,,Right_hand,Right-arm fast,
LA Carseldine,6,6,1.0,1.0,6.0,6.0,6.0,1975-11-17,Left_Hand,Legbreak,Australia
LH Ferguson,93,78,13.0,3.0,7.153846153846154,31.0,26.0,,Right_Hand,Right-arm fast-medium,
LJ Wright,124,71,11.833333333333334,2.0,10.47887323943662,62.0,35.5,1985-03-07,Right_Hand,Right-arm medium-fast,England
LMP Simmons,34,18,3.0,1.0,11.333333333333334,34.0,18.0,1985-01-25,Right_Hand,Right-arm medium-fast,West Indies
LPC Silva,21,6,1.0,0.0,21.0,,,1979-12-14,Right_Hand,Legbreak,Sri Lanka
LR Shukla,447,314,52.333333333333336,15.0,8.54140127388535,29.8,20.933333333333334,1981-05-06,Right_Hand,Right-arm medium,India
LRPL Taylor,24,12,2.0,0.0,12.0,,,1984-03-08,Right_Hand,Right-arm offbreak,New Zealand
M Ali,271,230,38.333333333333336,9.0,7.069565217391304,30.11111111111111,25.555555555555557,,Left_Hand,Right-arm offbreak,
M Ashwin,563,417,69.5,15.0,8.100719424460431,37.53333333333333,27.8,1990-09-08,Right_Hand,Legbreak googly,India
M Kartik,1388,1149,191.5,31.0,7.248041775456919,44.774193548387096,37.064516129032256,1976-09-11,Left_Hand,Slow left-arm orthodox,India
M Lomror,27,18,3.0,0.0,9.0,,,,Left_Hand,Slow left-arm orthodox,
M Manhas,42,42,7.0,0.0,6.0,,,1979-10-12,Right_Hand,Right-arm offbreak,India
M Markande,440,300,50.0,16.0,8.8,27.5,18.75,,Right_hand,Legbreak googly,
M Morkel,2089,1629,271.5,77.0,7.694290976058932,27.12987012987013,21.155844155844157,1984-10-06,Left_Hand,Right-arm fast,South Africa
M Muralitharan,1706,1528,254.66666666666666,64.0,6.698952879581152,26.65625,23.875,1972-04-17,Right_Hand,Right-arm offbreak,Sri Lanka
M Ntini,242,210,35.0,7.0,6.914285714285715,34.57142857142857,30.0,1977-07-06,Right_Hand,Right-arm fast,South Africa
M Santner,105,84,14.0,4.0,7.5,26.25,21.0,,Left_Hand,Slow left-arm orthodox,
M Ur Rahman,508,362,60.333333333333336,17.0,8.41988950276243,29.88235294117647,21.294117647058822,,Right_hand,Right-arm offbreak,
M Vijay,49,36,6.0,0.0,8.166666666666666,,,1984-04-01,Right_Hand,Right-arm offbreak,India
M Wood,51,24,4.0,0.0,12.75,,,,Right_hand,Right-arm fast,
M de Lange,169,108,18.0,5.0,9.38888888888889,33.8,21.6,1990-10-13,Right_Hand,Right-arm fast,South Africa
MA Khote,51,30,5.0,2.0,10.2,25.5,15.0,1980-04-22,Right_Hand,Right-arm medium,India
MA Starc,693,580,96.66666666666667,34.0,7.168965517241379,20.38235294117647,17.058823529411764,1990-01-30,Left_Hand,Left-arm fast,Australia
MB Parmar,33,18,3.0,0.0,11.0,,,1988-04-12,Right_Hand,Right-arm offbreak,India
MC Henriques,1244,890,148.33333333333334,38.0,8.386516853932584,32.73684210526316,23.42105263157895,1987-02-01,Right_Hand,Right-arm fast-medium,Australia
MF Maharoof,520,420,70.0,27.0,7.428571428571429,19.25925925925926,15.555555555555555,1984-09-07,Right_Hand,Right-arm fast-medium,India
MG Johnson,1717,1235,205.83333333333334,62.0,8.3417004048583,27.693548387096776,19.919354838709676,1981-11-02,Left_Hand,Left-arm fast,Australia
MG Neser,62,24,4.0,0.0,15.5,,,1990-03-29,Right_Hand,Right-arm medium,Australia
MJ Clarke,67,66,11.0,2.0,6.090909090909091,33.5,33.0,1981-04-02,Right_Hand,Slow left-arm orthodox,Australia
MJ Henry,71,30,5.0,1.0,14.2,71.0,30.0,,Right_Hand,Right-arm fast,
MJ McClenaghan,1833,1274,212.33333333333334,71.0,8.63265306122449,25.816901408450704,17.943661971830984,1986-06-11,Left_Hand,Left-arm fast-medium,New Zealand
MK Tiwary,86,42,7.0,1.0,12.285714285714286,86.0,42.0,1985-11-14,Right_Hand,Legbreak googly,India
MM Patel,1698,1355,225.83333333333334,74.0,7.518819188191881,22.945945945945947,18.31081081081081,1983-07-12,Right_Hand,Right-arm medium-fast,India
MM Sharma,2439,1730,288.3333333333333,91.0,8.458959537572255,26.802197802197803,19.01098901098901,1988-09-18,Right_Hand,Right-arm medium,India
MN Samuels,284,214,35.666666666666664,9.0,7.962616822429907,31.555555555555557,23.77777777777778,1981-02-05,Right_Hand,Right-arm offbreak,West Indies
MP Stoinis,575,367,61.166666666666664,15.0,9.400544959128066,38.333333333333336,24.466666666666665,1989-08-16,Right_Hand,Right-arm medium,Australia
MR Marsh,414,315,52.5,20.0,7.885714285714286,20.7,15.75,1991-10-20,Right_Hand,Right-arm medium,Australia
MS Gony,1287,888,148.0,37.0,8.695945945945946,34.78378378378378,24.0,1984-01-04,Right_Hand,Right-arm medium,India
Mandeep Singh,26,12,2.0,0.0,13.0,,,1991-12-18,Right_Hand,Right-arm medium,India
Mashrafe Mortaza,58,24,4.0,0.0,14.5,,,1983-10-05,Right_Hand,Right-arm fast-medium,Bangladesh
Mohammad Asif,296,192,32.0,8.0,9.25,37.0,24.0,1982-12-20,Left_Hand,Right-arm fast-medium,Pakistan
Mohammad Hafeez,68,60,10.0,2.0,6.8,34.0,30.0,1980-10-17,Right_Hand,Right-arm offbreak,Pakistan
Mohammad Nabi,306,271,45.166666666666664,11.0,6.774907749077491,27.818181818181817,24.636363636363637,,Right_hand,Right-arm offbreak,
Mohammed Shami,1565,1032,172.0,40.0,9.098837209302326,39.125,25.8,1990-09-03,Right_Hand,Right-arm fast-medium,India
Mohammed Siraj,891,553,92.16666666666667,28.0,9.667269439421338,31.821428571428573,19.75,,Right_hand,Right-arm fast,
Mustafizur Rahman,689,547,91.16666666666667,24.0,7.557586837294332,28.708333333333332,22.791666666666668,1995-09-06,Left_Hand,Left-arm fast-medium,Bangladesh
N Rana,123,91,15.166666666666666,7.0,8.10989010989011,17.571428571428573,13.0,1993-12-27,Left_Hand,Right-arm offbreak,India
N Saini,421,289,48.166666666666664,11.0,8.740484429065745,38.27272727272727,26.272727272727273,1988-10-28,Right_Hand,Right-arm fast,India
NB Singh,15,24,4.0,1.0,3.75,15.0,24.0,,Right_Hand,Right-arm fast,
ND Doshi,79,56,9.333333333333334,2.0,8.464285714285714,39.5,28.0,1978-10-06,Right_Hand,Slow left-arm orthodox,India
NJ Rimmington,19,18,3.0,0.0,6.333333333333333,,,1982-11-11,Right_Hand,Right-arm fast-medium,Australia
NL McCullum,34,30,5.0,0.0,6.8,,,1980-09-01,Right_Hand,Right-arm offbreak,New Zealand
NLTC Perera,1016,698,116.33333333333333,31.0,8.73352435530086,32.774193548387096,22.516129032258064,1989-04-03,Left_Hand,Right-arm medium-fast,Sri Lanka
NM Coulter-Nile,719,563,93.83333333333333,36.0,7.662522202486679,19.97222222222222,15.63888888888889,1987-10-11,Right_Hand,Right-arm fast,Australia
O Thomas,88,60,10.0,5.0,8.8,17.6,12.0,,Right_Hand,Right-arm fast,
P Amarnath,236,132,22.0,7.0,10.727272727272727,33.714285714285715,18.857142857142858,1982-06-01,Right_Hand,Right-arm medium,India
P Awana,1029,747,124.5,39.0,8.265060240963855,26.384615384615383,19.153846153846153,1986-07-19,Right_Hand,Right-arm medium,India
P Krishna,677,416,69.33333333333333,14.0,9.764423076923078,48.357142857142854,29.714285714285715,,Right_hand,Right-arm fast,
P Kumar,3251,2524,420.6666666666667,90.0,7.728209191759112,36.12222222222222,28.044444444444444,1986-10-02,Right_Hand,Right-arm medium,India
P Negi,944,717,119.5,34.0,7.899581589958159,27.764705882352942,21.08823529411765,1993-01-06,Left_Hand,Slow left-arm orthodox,India
P Parameswaran,224,154,25.666666666666668,9.0,8.727272727272727,24.88888888888889,17.11111111111111,1985-05-30,Right_Hand,Left-arm medium,India
P Prasanth,18,6,1.0,0.0,18.0,,,1985-05-22,Left_Hand,Slow left-arm orthodox,India
P R Barman,56,24,4.0,0.0,14.0,,,,Right_hand,Legbreak,
P Raj,60,30,5.0,1.0,12.0,60.0,30.0,,Right_Hand,Left-arm medium,
P Sahu,146,105,17.5,3.0,8.342857142857143,48.666666666666664,35.0,1985-08-21,Right_Hand,Legbreak googly,India
P Suyal,151,96,16.0,2.0,9.4375,75.5,48.0,1989-10-15,Right_Hand,Left-arm medium,India
PC Valthaty,205,151,25.166666666666668,7.0,8.14569536423841,29.285714285714285,21.571428571428573,1983-12-07,Right_Hand,Right-arm medium,India
PD Collingwood,101,89,14.833333333333334,5.0,6.808988764044943,20.2,17.8,1976-05-26,Right_Hand,Right-arm medium,England
PJ Cummins,499,361,60.166666666666664,17.0,8.293628808864266,29.352941176470587,21.235294117647058,1993-05-08,Right_Hand,Right-arm fast,Australia
PJ Sangwan,1176,802,133.66666666666666,35.0,8.798004987531172,33.6,22.914285714285715,1990-11-05,Right_Hand,Left-arm medium,India
PM Sarvesh Kumar,42,30,5.0,1.0,8.4,42.0,30.0,1989-04-26,Right_Hand,Right-arm medium,India
PP Chawla,4086,3125,520.8333333333334,149.0,7.84512,27.42281879194631,20.973154362416107,1988-12-24,Left_Hand,Legbreak,India
PP Ojha,2332,1899,316.5,89.0,7.368088467614534,26.202247191011235,21.337078651685392,1986-09-05,Left_Hand,Slow left-arm orthodox,India
PV Tambe,853,660,110.0,28.0,7.754545454545455,30.464285714285715,23.571428571428573,1971-10-08,Right_Hand,Legbreak,India
Pankaj Singh,468,300,50.0,11.0,9.36,42.54545454545455,27.272727272727273,1985-05-06,Right_Hand,Right-arm medium-fast,India
Parvez Rasool,271,198,33.0,4.0,8.212121212121213,67.75,49.5,1989-02-13,Right_Hand,Right-arm offbreak,India
R Ashwin,3337,2925,487.5,125.0,6.845128205128205,26.696,23.4,1986-09-17,Right_Hand,Right-arm offbreak,India
R Bhatia,2020,1636,272.6666666666667,71.0,7.408312958435207,28.450704225352112,23.04225352112676,1979-10-22,Right_Hand,Right-arm medium-fast,India
R Dhawan,640,488,81.33333333333333,18.0,7.868852459016394,35.55555555555556,27.11111111111111,1990-02-19,Right_Hand,Right-arm medium-fast,India
R McLaren,542,354,59.0,12.0,9.186440677966102,45.166666666666664,29.5,1983-02-09,Left_Hand,Right-arm medium-fast,South Africa
R Ninan,65,36,6.0,3.0,10.833333333333334,21.666666666666668,12.0,1985-11-19,Right_Hand,Right-arm offbreak,India
R Parag,121,84,14.0,2.0,8.642857142857142,60.5,42.0,,Right_hand,Legbreak,
R Rampaul,309,268,44.666666666666664,16.0,6.917910447761194,19.3125,16.75,1984-10-15,Left_Hand,Right-arm fast-medium,West Indies
R Salam,45,24,4.0,0.0,11.25,,,,Right_Hand,Right-arm Fast,
R Sathish,232,139,23.166666666666668,3.0,10.014388489208633,77.33333333333333,46.333333333333336,1981-01-14,Right_Hand,Right-arm medium,India
R Sharma,1086,928,154.66666666666666,40.0,7.0215517241379315,27.15,23.2,1987-04-30,Right_Hand,Right-arm offbreak,India
R Shukla,208,120,20.0,5.0,10.4,41.6,24.0,1990-08-28,Right_Hand,Right-arm medium,India
R Tewatia,358,296,49.333333333333336,13.0,7.256756756756756,27.53846153846154,22.76923076923077,1993-05-20,Left_Hand,Legbreak,India
R Vinay Kumar,2988,2127,354.5,105.0,8.428772919605077,28.457142857142856,20.257142857142856,1984-02-12,Right_Hand,Right-arm medium,India
RA Jadeja,3176,2498,416.3333333333333,108.0,7.628502802241794,29.40740740740741,23.12962962962963,1988-12-06,Left_Hand,Slow left-arm orthodox,India
RA Shaikh,11,6,1.0,0.0,11.0,,,1985-06-12,Left_Hand,Left-arm medium,India
RA Tripathi,12,6,1.0,0.0,12.0,,,,Right_hand,Right-arm medium,
RD Chahar,373,324,54.0,15.0,6.907407407407407,24.866666666666667,21.6,,Right_hand,Legbreak googly,
RE van der Merwe,498,443,73.83333333333333,21.0,6.744920993227991,23.714285714285715,21.095238095238095,1984-12-31,Right_Hand,Slow left-arm orthodox,South Africa
RG More,59,35,5.833333333333333,1.0,10.114285714285716,59.0,35.0,1992-02-02,Right_Hand,Right-arm medium,India
RG Sharma,440,332,55.333333333333336,15.0,7.951807228915662,29.333333333333332,22.133333333333333,1987-04-30,Right_Hand,Right-arm offbreak,India
RJ Harris,1047,832,138.66666666666666,45.0,7.55048076923077,23.266666666666666,18.488888888888887,1979-10-11,Right_Hand,Right-arm fast,Australia
RJ Peterson,70,48,8.0,3.0,8.75,23.333333333333332,16.0,1979-08-04,Left_Hand,Slow left-arm orthodox,South Africa
RN ten Doeschate,94,78,13.0,2.0,7.230769230769231,47.0,39.0,1980-06-30,Right_Hand,Right-arm medium-fast,Netherlands
RP Singh,2338,1775,295.8333333333333,90.0,7.903098591549297,25.977777777777778,19.72222222222222,1985-12-06,Right_Hand,Left-arm fast-medium,India
RR Bhatkal,35,12,2.0,0.0,17.5,,,1985-09-01,Right_Hand,Right-arm medium,India
RR Bose,24,12,2.0,0.0,12.0,,,1979-02-27,Right_Hand,Right-arm fast-medium,India
RR Powar,527,426,71.0,13.0,7.422535211267606,40.53846153846154,32.76923076923077,1978-05-20,Right_Hand,Right-arm offbreak,India
RR Raje,209,139,23.166666666666668,6.0,9.021582733812949,34.833333333333336,23.166666666666668,1986-09-03,Right_Hand,Right-arm fast-medium,India
RS Bopara,292,206,34.333333333333336,11.0,8.504854368932039,26.545454545454547,18.727272727272727,1985-05-04,Right_Hand,Right-arm medium,England
RS Gavaskar,8,6,1.0,0.0,8.0,,,1976-02-20,Left_Hand,Slow left-arm orthodox,India
RV Gomez,129,96,16.0,5.0,8.0625,25.8,19.2,1985-10-16,Right_Hand,Right-arm medium,India
RW Price,33,18,3.0,0.0,11.0,,,1976-06-12,Right_Hand,Slow left-arm orthodox,Zimbabwea
Rashid Khan,1229,1095,182.5,55.0,6.734246575342466,22.345454545454544,19.90909090909091,,Right_hand,Legbreak googly,
S Aravind,1039,760,126.66666666666667,45.0,8.202631578947368,23.08888888888889,16.88888888888889,1984-04-08,Left_Hand,Left-arm medium-fast,India
S Badree,319,258,43.0,11.0,7.4186046511627906,29.0,23.454545454545453,1981-03-09,Right_Hand,Legbreak,West Indies
S Curran,334,198,33.0,10.0,10.121212121212121,33.4,19.8,,Left_Hand,Left-arm medium-fast,
S Dhawan,66,48,8.0,4.0,8.25,16.5,12.0,1985-12-05,Left_Hand,Right-arm offbreak,India
S Dube,9,10,1.6666666666666667,0.0,5.3999999999999995,,,,Left_Hand,Right-arm fast-medium,
S Gopal,746,589,98.16666666666667,38.0,7.599320882852291,19.63157894736842,15.5,1993-09-04,Right_Hand,Legbreak,India
S Kaul,1410,981,163.5,49.0,8.623853211009175,28.775510204081634,20.020408163265305,1990-05-19,Right_Hand,Right-arm medium,India
S Kaushik,297,204,34.0,6.0,8.735294117647058,49.5,34.0,1995-09-07,Right_Hand,Slow left-arm chinaman,India
S Kuggeleijn,73,48,8.0,2.0,9.125,36.5,24.0,,Right_Hand,Right-arm fast,
S Ladda,224,138,23.0,5.0,9.73913043478261,44.8,27.6,1986-07-10,Right_Hand,Legbreak,India
S Lamichhane,298,210,35.0,13.0,8.514285714285714,22.923076923076923,16.153846153846153,,Right_hand,Legbreak googly,
S Mavi,285,168,28.0,5.0,10.178571428571429,57.0,33.6,,Right_hand,Right-arm fast-medium,
S Midhun,30,12,2.0,0.0,15.0,,,,,Legbreak,
S Nadeem,1574,1259,209.83333333333334,42.0,7.501191421763304,37.476190476190474,29.976190476190474,1989-08-12,Right_Hand,Slow left-arm orthodox,India
S Narwal,202,106,17.666666666666668,5.0,11.433962264150942,40.4,21.2,1982-04-16,Left_Hand,Right-arm medium,India
S Rana,18,16,2.6666666666666665,0.0,6.75,,,1984-09-18,Right_Hand,Right-arm medium-fast,India
S Randiv,223,174,29.0,6.0,7.689655172413793,37.166666666666664,29.0,1985-01-30,Right_Hand,Right-arm offbreak,Sri Lanka
S Rutherford,65,41,6.833333333333333,1.0,9.512195121951219,65.0,41.0,,Left_Hand,Right-arm fast-medium,
S Sharma,364,256,42.666666666666664,12.0,8.53125,30.333333333333332,21.333333333333332,,Right_Hand,Right-arm fast-medium,
S Sreesanth,1194,880,146.66666666666666,40.0,8.14090909090909,29.85,22.0,1983-02-06,Right_Hand,Right-arm fast-medium,India
S Sriram,49,18,3.0,0.0,16.333333333333332,,,1976-02-21,Left_Hand,Slow left-arm orthodox,India
S Tyagi,295,209,34.833333333333336,6.0,8.4688995215311,49.166666666666664,34.833333333333336,1987-09-17,Right_Hand,Right-arm medium,India
S Vidyut,22,12,2.0,1.0,11.0,22.0,12.0,1981-12-03,Left_Hand,Slow left-arm orthodox,India
S Warrier,87,72,12.0,2.0,7.25,43.5,36.0,,Right_Hand,Right-arm fast-medium,
SA Abbott,57,30,5.0,0.0,11.4,,,1992-02-29,Right_Hand,Right-arm fast-medium,New Zealand
SA Yadav,8,6,1.0,0.0,8.0,,,1990-09-14,Right_Hand,Right-arm offbreak,India
SB Bangar,219,150,25.0,4.0,8.76,54.75,37.5,1972-10-11,Right_Hand,Right-arm medium-fast,India
SB Jakati,1451,1085,180.83333333333334,47.0,8.023963133640553,30.872340425531913,23.085106382978722,1980-11-27,Left_Hand,Slow left-arm orthodox,India
SB Joshi,82,55,9.166666666666666,1.0,8.945454545454545,82.0,55.0,1970-06-06,Left_Hand,Slow left-arm orthodox,India
SB Styris,276,216,36.0,8.0,7.666666666666667,34.5,27.0,1975-07-10,Right_Hand,Right-arm medium,New Zealand
SB Wagh,137,102,17.0,5.0,8.058823529411764,27.4,20.4,1988-10-09,Left_Hand,Left-arm medium-fast,India
SC Ganguly,363,276,46.0,10.0,7.891304347826087,36.3,27.6,1972-07-08,Left_Hand,Right-arm medium,India
SD Chitnis,60,36,6.0,2.0,10.0,30.0,18.0,1987-05-06,Right_Hand,Right-arm offbreak,India
SE Bond,224,186,31.0,9.0,7.225806451612903,24.88888888888889,20.666666666666668,1975-06-07,Right_Hand,Right-arm fast,New Zealand
SJ Srivastava,441,282,47.0,14.0,9.382978723404255,31.5,20.142857142857142,1981-09-22,Right_Hand,Left-arm fast-medium,India
SK Raina,1118,908,151.33333333333334,25.0,7.387665198237885,44.72,36.32,1986-11-27,Left_Hand,Right-arm offbreak,India
SK Trivedi,1904,1506,251.0,65.0,7.585657370517929,29.29230769230769,23.16923076923077,1982-09-04,Right_Hand,Right-arm medium,India
SK Warne,1447,1194,199.0,57.0,7.271356783919598,25.385964912280702,20.94736842105263,1969-09-13,Right_Hand,Legbreak googly,Australia
SL Malinga,3390,2827,471.1666666666667,170.0,7.194906261054121,19.941176470588236,16.629411764705882,1983-08-28,Right_Hand,Right-arm fast,Sri Lanka
SM Boland,54,42,7.0,2.0,7.714285714285714,27.0,21.0,1989-04-11,Right_Hand,Right-arm fast-medium,Australia
SM Harwood,73,60,10.0,3.0,7.3,24.333333333333332,20.0,1974-03-01,Right_Hand,Right-arm fast-medium,Australia
SM Pollock,301,276,46.0,11.0,6.543478260869565,27.363636363636363,25.09090909090909,1973-07-16,Right_Hand,Right-arm fast-medium,South Africa
SMSM Senanayake,209,192,32.0,9.0,6.53125,23.22222222222222,21.333333333333332,1985-02-09,Right_Hand,Right-arm offbreak,Sri Lanka
SN Khan,6,2,0.3333333333333333,0.0,18.0,,,1997-10-27,Right_Hand,Legbreak,India
SN Thakur,1096,708,118.0,36.0,9.288135593220339,30.444444444444443,19.666666666666668,1991-10-16,Right_Hand,Right-arm medium,India
SP Narine,2884,2563,427.1666666666667,122.0,6.751463129145533,23.639344262295083,21.008196721311474,1988-05-26,Left_Hand,Right-arm offbreak,West Indies
SPD Smith,5,2,0.3333333333333333,0.0,15.0,,,1989-06-02,Right_Hand,Legbreak googly,India
SR Tendulkar,58,36,6.0,0.0,9.666666666666666,,,1973-04-24,Right_Hand,Right-arm offbreak,India
SR Watson,2691,2029,338.1666666666667,92.0,7.957614588467225,29.25,22.054347826086957,1981-06-17,Right_Hand,Right-arm fast-medium,Australia
SS Agarwal,42,24,4.0,1.0,10.5,42.0,24.0,,Right_Hand,Legbreak googly,
SS Mundhe,6,6,1.0,1.0,6.0,6.0,6.0,1988-10-27,Right_Hand,Right-arm medium,India
SS Sarkar,34,25,4.166666666666667,1.0,8.16,34.0,25.0,1984-12-15,Right_Hand,Right-arm medium,India
ST Jayasuriya,390,294,49.0,13.0,7.959183673469388,30.0,22.615384615384617,1969-06-30,Left_Hand,Slow left-arm orthodox,Sri Lanka
STR Binny,762,595,99.16666666666667,22.0,7.6840336134453775,34.63636363636363,27.045454545454547,1984-06-03,Right_Hand,Right-arm medium,India
SW Tait,640,473,78.83333333333333,23.0,8.118393234672306,27.82608695652174,20.565217391304348,1983-02-22,Right_Hand,Right-arm fast,Australia
Sachin Baby,8,10,1.6666666666666667,2.0,4.8,4.0,5.0,1988-12-18,Left_Hand,Right-arm offbreak,India
Sandeep Sharma,1930,1489,248.16666666666666,83.0,7.777031564808596,23.253012048192772,17.93975903614458,1993-05-18,Right_Hand,Right-arm medium,India
Shahid Afridi,225,180,30.0,9.0,7.5,25.0,20.0,1980-03-01,Right_Hand,Legbreak googly,Pakistan
Shakib Al Hasan,1661,1329,221.5,59.0,7.498871331828442,28.152542372881356,22.52542372881356,1987-03-24,Left_Hand,Slow left-arm orthodox,Bangladesh
Shivam Sharma,165,114,19.0,4.0,8.68421052631579,41.25,28.5,1993-09-09,Right_Hand,Right-arm offbreak,India
Shoaib Ahmed,152,102,17.0,5.0,8.941176470588236,30.4,20.4,1990-08-17,Right_Hand,Right-arm fast-medium,Pakistan
Shoaib Akhtar,54,42,7.0,5.0,7.714285714285714,10.8,8.4,1975-08-13,Right_Hand,Right-arm fast,Pakistan
Shoaib Malik,85,51,8.5,2.0,10.0,42.5,25.5,1982-02-01,Right_Hand,Right-arm offbreak,Pakistan
Sohail Tanvir,266,247,41.166666666666664,22.0,6.461538461538462,12.090909090909092,11.227272727272727,1984-12-12,Left_Hand,Left-arm medium-fast,Pakistan
Sunny Gupta,47,18,3.0,0.0,15.666666666666666,,,1988-09-27,Right_Hand,Right-arm offbreak,India
Swapnil Singh,90,60,10.0,1.0,9.0,90.0,60.0,1991-01-22,Right_Hand,Slow left-arm orthodox,India
T Curran,121,61,10.166666666666666,6.0,11.901639344262296,20.166666666666668,10.166666666666666,,Right_hand,Right-arm fast-medium,
T Henderson,40,36,6.0,1.0,6.666666666666667,40.0,36.0,1974-08-01,Right_Hand,Right-arm fast-medium,South Africa
T Natarajan,115,76,12.666666666666666,2.0,9.078947368421053,57.5,38.0,,Left_Hand,Left-arm fast-medium,
T Shamsi,147,96,16.0,3.0,9.1875,49.0,32.0,1990-02-18,Right_Hand,Slow left-arm chinaman,South Africa
T Thushara,161,135,22.5,8.0,7.155555555555556,20.125,16.875,1981-03-01,Left_Hand,Left-arm fast-medium,Sri Lanka
TA Boult,1149,765,127.5,38.0,9.011764705882353,30.236842105263158,20.13157894736842,1989-07-22,Right_Hand,Left-arm fast-medium,New Zealand
TG Southee,1317,888,148.0,28.0,8.89864864864865,47.035714285714285,31.714285714285715,1988-12-11,Right_Hand,Right-arm medium-fast,New Zealand
TL Suman,197,150,25.0,6.0,7.88,32.833333333333336,25.0,1983-12-15,Right_Hand,Right-arm offbreak,India
TM Dilshan,366,271,45.166666666666664,5.0,8.103321033210333,73.2,54.2,1976-10-14,Right_Hand,Right-arm offbreak,Sri Lanka
TM Head,81,48,8.0,2.0,10.125,40.5,24.0,1993-12-29,Left_Hand,Right-arm offbreak,Australia
TP Sudhindra,136,70,11.666666666666666,1.0,11.657142857142858,136.0,70.0,1984-04-24,Left_Hand,Right-arm fast,India
TS Mills,153,107,17.833333333333332,5.0,8.57943925233645,30.6,21.4,,Right_hand,Left-arm fast,
Tejas Baroka,33,21,3.5,0.0,9.428571428571429,,,,,Legbreak googly,
UT Yadav,3550,2489,414.8333333333333,119.0,8.557653676175171,29.831932773109244,20.915966386554622,1987-10-25,Right_Hand,Right-arm fast-medium,India
Umar Gul,184,135,22.5,12.0,8.177777777777777,15.333333333333334,11.25,1984-04-14,Right_Hand,Right-arm fast-medium,Pakistan
V Chakravarthy,35,18,3.0,1.0,11.666666666666666,35.0,18.0,,Right_Hand,Legbreak,
V Kohli,368,251,41.833333333333336,4.0,8.796812749003983,92.0,62.75,1988-11-05,Right_Hand,Right-arm medium,India
V Pratap Singh,296,204,34.0,10.0,8.705882352941176,29.6,20.4,1992-05-03,Right_Hand,Right-arm medium,India
V Sehwag,235,136,22.666666666666668,6.0,10.367647058823529,39.166666666666664,22.666666666666668,1978-10-20,Right_Hand,Right-arm offbreak,India
V Shankar,154,85,14.166666666666666,2.0,10.870588235294118,77.0,42.5,1991-01-26,Right_Hand,Right-arm medium,India
VR Aaron,1349,916,152.66666666666666,42.0,8.836244541484717,32.11904761904762,21.80952380952381,1989-10-29,Right_Hand,Right-arm fast,India
VRV Singh,542,360,60.0,12.0,9.033333333333333,45.166666666666664,30.0,1984-09-17,Right_Hand,Right-arm medium-fast,India
VS Malik,261,205,34.166666666666664,6.0,7.639024390243903,43.5,34.166666666666664,1983-05-09,Right_Hand,Right-arm medium,India
VS Yeligati,59,30,5.0,0.0,11.8,,,1985-04-23,Right_Hand,Right-arm offbreak,India
VY Mahesh,499,339,56.5,21.0,8.831858407079647,23.761904761904763,16.142857142857142,1987-12-21,Right_Hand,Right-arm medium-fast,India
WA Mota,97,72,12.0,4.0,8.083333333333334,24.25,18.0,1981-09-20,Right_Hand,Right-arm medium,India
WD Parnell,701,572,95.33333333333333,26.0,7.353146853146853,26.96153846153846,22.0,1989-07-30,Left_Hand,Left-arm medium-fast,South Africa
WPUJC Vaas,355,282,47.0,18.0,7.553191489361702,19.72222222222222,15.666666666666666,1974-01-27,Left_Hand,Left-arm fast-medium,Sri Lanka
Washington Sundar,460,354,59.0,16.0,7.796610169491525,28.75,22.125,,Left_Hand,Right-arm offbreak,
Y Gnaneswara Rao,7,6,1.0,0.0,7.0,,,1984-08-25,Right_Hand,Right-arm medium,India
Y Nagar,125,66,11.0,4.0,11.363636363636363,31.25,16.5,1990-01-06,Right_Hand,Right-arm offbreak,India
Y Venugopal Rao,337,216,36.0,6.0,9.36111111111111,56.166666666666664,36.0,1982-02-26,Right_Hand,Right-arm offbreak,India
YA Abdulla,307,209,34.833333333333336,15.0,8.813397129186603,20.466666666666665,13.933333333333334,1983-01-17,Left_Hand,Left-arm fast-medium,India
YK Pathan,1415,1147,191.16666666666666,42.0,7.401918047079338,33.69047619047619,27.30952380952381,1982-11-17,Right_Hand,Right-arm offbreak,India
YS Chahal,2366,1788,298.0,100.0,7.939597315436242,23.66,17.88,1990-07-23,Right_Hand,Legbreak googly,India
Yuvraj Singh,1078,869,144.83333333333334,36.0,7.443037974683544,29.944444444444443,24.13888888888889,1981-12-12,Left_Hand,Slow left-arm orthodox,India
Z Khan,2782,2200,366.6666666666667,102.0,7.587272727272727,27.274509803921568,21.568627450980394,1978-10-07,Right_Hand,Left-arm fast-medium,India
